instance,p,radius,final_dist,final_cov,vns_time,time_best_found,iter_best_found,init_dist,init_cov
instancias/kroA100.tsp,4,600,6200.961302334799,64,40.46839189529419,0.6765649318695068,1,6200.9613023348,64
instancias/kroA100.tsp,4,700,7169.665024384426,77,38.33021879196167,0.4136390686035156,1,6860.489920325398,74
instancias/kroA100.tsp,4,800,6356.107138062265,84,38.43081283569336,0.3672490119934082,1,6225.174149593059,82
instancias/kroA100.tsp,6,600,7467.507562532404,85,171.22819423675537,22.505000352859497,2,7935.396831122082,83
instancias/kroA100.tsp,6,700,8020.359687455313,94,173.87191462516785,7.20041561126709,1,7466.602965663067,89
instancias/kroA100.tsp,6,800,8133.1112771765875,99,181.43712544441223,11.652738809585571,1,6839.7373710108495,94
instancias/kroA100.tsp,8,600,8125.194457099583,96,439.8243670463562,19.717468976974487,1,8877.479163836888,92
instancias/kroA100.tsp,8,700,8530.041938360113,100,436.9011526107788,30.31142497062683,2,8256.414729926359,98
instancias/kroA100.tsp,8,800,7037.609155112236,100,466.71379566192627,1.408930778503418,1,8291.403525077232,100
