instance,p,radius,final_dist,final_cov,vns_time,time_best_found,iter_best_found,init_dist,init_cov
instancias/kroA200.tsp,4,600,6980.517064516802,127,159.6613416671753,1.2695224285125732,1,6980.517064516803,127
instancias/kroA200.tsp,4,700,6362.20437482423,149,165.21277952194214,7.035109281539917,1,6503.980342651507,149
instancias/kroA200.tsp,4,800,6726.4977917264005,171,244.05991196632385,8.651612043380737,1,5952.072288523369,161
instancias/kroA200.tsp,6,600,7506.066272557673,170,827.1110582351685,14.576539993286133,1,7220.4801996404685,161
instancias/kroA200.tsp,6,700,7562.280876459608,186,764.3701686859131,248.96825647354126,9,8026.610543894269,178
instancias/kroA200.tsp,6,800,7792.047404085888,198,797.7199075222015,22.018454790115356,1,7284.09675707648,186
instancias/kroA200.tsp,8,600,8049.917237682934,191,2008.6644344329834,79.90052652359009,1,7956.937550518325,180
instancias/kroA200.tsp,8,700,8122.9244424267345,200,2041.8083171844482,51.54229688644409,1,9641.955674402869,193
instancias/kroA200.tsp,8,800,7576.787238254331,200,2238.510579109192,148.32145881652832,1,8690.279898074268,199
