instance,p,radius,final_dist,final_cov,vns_time,time_best_found,iter_best_found,init_dist,init_cov
instancias/kroB200.tsp,4,600,6124.064663911221,121,223.9851577281952,32.563637495040894,4,6531.879377093672,119
instancias/kroB200.tsp,4,700,6787.090696216486,152,212.21889638900757,31.20648741722107,5,6411.755841467523,147
instancias/kroB200.tsp,4,800,6059.944020659916,172,207.55184292793274,1.8303699493408203,1,5524.306924400561,163
instancias/kroB200.tsp,6,600,7109.510090125944,166,839.757648229599,233.1974503993988,6,8495.209928564122,160
instancias/kroB200.tsp,6,700,7273.840665535158,193,858.6366274356842,317.08933877944946,9,7600.023479499561,179
instancias/kroB200.tsp,6,800,6978.671589859667,200,845.2238364219666,16.629281997680664,1,6404.23144228213,187
instancias/kroB200.tsp,8,600,8045.881520635423,193,2072.8130464553833,666.2551822662354,7,8277.640177666246,187
instancias/kroB200.tsp,8,700,7963.663271316284,200,2235.733353614807,61.273924827575684,1,8415.44110681726,196
instancias/kroB200.tsp,8,800,6914.3187672338,200,2263.971051931381,173.98537707328796,2,8195.634060607796,199
