instance,p,radius,final_dist,final_cov,vns_time,time_best_found,iter_best_found,init_dist,init_cov
kroB100.tsp,4,600,7016.009675010594,65,36.41298794746399,4.088136434555054,3,6954.457629166052,64
kroB100.tsp,4,700,7412.914432279523,80,41.84952211380005,0.29079627990722656,1,7416.184087254507,76
kroB100.tsp,4,800,6346.101185581931,87,36.225059032440186,0.0,0,6346.101185581931,87
kroB100.tsp,6,600,8063.464843108106,83,151.45012974739075,3.577782392501831,1,8188.499574874935,82
kroB100.tsp,6,700,7907.666403007489,95,132.71789813041687,0.6109409332275391,1,7519.955547444282,92
kroB100.tsp,6,800,7919.553731831773,99,144.3334822654724,9.016992568969727,1,7029.656080001974,96
kroB100.tsp,8,600,8465.54888559913,95,347.6277837753296,38.66705942153931,3,8543.74081998319,90
kroB100.tsp,8,700,8978.317179414953,100,314.63780546188354,1.585602045059204,1,8608.827136935384,98
kroB100.tsp,8,800,8669.67313024364,100,263.7108769416809,0.0,0,8669.67313024364,100
