instance,p,radius,final_dist,final_cov,vns_time,time_best_found,iter_best_found,init_dist,init_cov
instancias/kroC100.tsp,4,600,6245.954136226504,65,58.39636468887329,0.7696390151977539,1,7550.4128247812605,64
instancias/kroC100.tsp,4,700,5956.2219888566115,77,41.249560594558716,2.3486413955688477,2,5791.338332807755,76
instancias/kroC100.tsp,4,800,6305.78623443801,87,46.25383257865906,4.519723415374756,2,6102.661387193215,86
instancias/kroC100.tsp,6,600,7130.276351138447,84,167.374098777771,4.2784342765808105,1,7882.266439066156,84
instancias/kroC100.tsp,6,700,7975.638584087679,93,190.7073483467102,24.652071714401245,3,7368.998993250529,90
instancias/kroC100.tsp,6,800,7195.236251098269,100,187.9985318183899,12.262100219726562,2,7264.563596127894,97
instancias/kroC100.tsp,8,600,8781.218227859928,97,482.1751413345337,44.903050661087036,2,8240.097520307423,93
instancias/kroC100.tsp,8,700,8020.7923430765595,100,573.5149154663086,78.74553370475769,2,9422.774614987546,98
instancias/kroC100.tsp,8,800,7185.672491783627,100,540.3408834934235,30.764085292816162,1,9034.181399262648,100
