instance,p,radius,final_dist,final_cov,vns_time,time_best_found,iter_best_found,init_dist,init_cov
instancias/kroD100.tsp,4,600,7155.647622538615,66,52.526018381118774,0.2807796001434326,1,7270.901785872587,66
instancias/kroD100.tsp,4,700,5976.302634508239,78,66.29302906990051,4.630359649658203,1,5789.490397934329,75
instancias/kroD100.tsp,4,800,5975.530244129895,87,47.646711349487305,3.233135938644409,1,5338.394892622437,80
instancias/kroD100.tsp,6,600,7749.504959553793,86,176.6331467628479,1.1904606819152832,1,7817.6041789227775,86
instancias/kroD100.tsp,6,700,7326.135493899449,95,198.54031014442444,3.1619575023651123,1,7675.369934744011,89
instancias/kroD100.tsp,6,800,7659.938704746057,100,193.90956139564514,7.668330669403076,1,7000.610113331848,93
instancias/kroD100.tsp,8,600,8807.6788623442,97,473.7082304954529,3.8964595794677734,1,8893.79634963111,96
instancias/kroD100.tsp,8,700,8006.884588951494,100,506.3680090904236,10.904831409454346,1,8687.556926259604,96
instancias/kroD100.tsp,8,800,7188.719737801054,100,488.5996742248535,4.968002080917358,1,8482.424494812634,98
